loja;codigo;descricao;familia;subfam;unidade;iva;datacriacao;retalho;fundo;letra;vendersemstock;precovenda;codbarras;iva2
2;1010009007;BUCHA VEGETAL REDONDA;1;1;2;23.0;2023-08-21;0;#808080;#FFFFFF;0;4.39;7898464628600;23.0
2;1010009010;COLHER DE MADEIRA (PCT C/ 10);1;1;2;23.0;2023-08-21;0;#808080;#FFFFFF;0;20.33;7899891312438;23.0
2;1010009011;ESCOVA COM PEDRA POMES 10.5 X 5.5 X 4 CM;1;1;2;23.0;2023-08-21;0;#808080;#FFFFFF;0;9.76;7898464628662;23.0
2;1010009012;ESCOVA DE BANHO COM MASSAGEADOR 30 X 7.5 X 5 CM;1;1;2;23.0;2023-08-21;0;#808080;#FFFFFF;0;18.46;7898464628709;23.0
2;1010009013;ESCOVAO DE MADEIRA P/ BANHO 45.5 X 6.7 X 4.0 CM;1;1;2;23.0;2023-08-21;0;#808080;#FFFFFF;0;14.63;7898464628617;23.0
2;1010009014;MASSAGEADOR MADEIRA P 14 X 7 X 7 CM;1;1;2;23.0;2023-08-21;0;#808080;#FFFFFF;0;7.32;7898464628648;23.0
2;1010009025;VALVULA DISPERSORA AVATIM;1;1;2;23.0;2023-08-21;0;#808080;#FFFFFF;0;2.28;7898464620505;23.0
2;1010009026;COLHER DE MADEIRA;1;1;2;23.0;2023-08-21;0;#808080;#FFFFFF;0;2.03;7898464629003;23.0
2;1010009253;CAIXA PARA PRESENTE P;1;1;2;23.0;2023-08-21;0;#808080;#FFFFFF;0;9.76;7899891302323;23.0
2;1010009254;CAIXA PARA PRESENTE G;1;1;2;23.0;2023-08-21;0;#808080;#FFFFFF;0;10.98;7899891302330;23.0
2;1010009272;KIT CINTA MEL TERAPIA (PCT COM 10 UNID.);1;1;2;23.0;2023-08-21;0;#808080;#FFFFFF;0;20.00;7899891302583;23.0
2;1010009329;BALDE CINZA METAL AVATIM P;1;1;2;23.0;2023-08-21;0;#808080;#FFFFFF;0;6.91;7899891305515;23.0
2;1010009330;BALDE CINZA METAL AVATIM M;1;1;2;23.0;2023-08-21;0;#808080;#FFFFFF;0;8.54;7899891305522;23.0
2;1010009331;BALDE CINZA METAL AVATIM G;1;1;2;23.0;2023-08-21;0;#808080;#FFFFFF;0;10.98;7899891305539;23.0
2;1010009332;NECESSAIRE BEGE AVATIM P;1;1;2;23.0;2023-08-21;0;#808080;#FFFFFF;0;20.89;7899891305546;23.0
2;1010009333;NECESSAIRE BEGE AVATIM G;1;1;2;23.0;2023-08-21;0;#808080;#FFFFFF;0;22.76;7899891305553;23.0
2;1010009338;SACOLA ECO BAG AGUA - SOMOS;1;1;2;23.0;2023-08-21;0;#808080;#FFFFFF;0;19.51;7899891306055;23.0
2;1010009339;SACOLA ECO BAG TERRA - SOMOS;1;1;2;23.0;2023-08-21;0;#808080;#FFFFFF;0;19.51;7899891306062;23.0
2;1010009340;SACOLA ECO BAG AR - SOMOS;1;1;2;23.0;2023-08-21;0;#808080;#FFFFFF;0;19.51;7899891306079;23.0
2;1010009348;NECESSAIRE SELETO OCEAN;1;1;2;23.0;2023-08-21;0;#808080;#FFFFFF;0;21.71;7899891307755;23.0
2;1010009365;BASE DE MADEIRA NATURAL PARA FRASCO DIFUSOR;1;1;2;23.0;2023-08-21;0;#808080;#FFFFFF;0;11.63;7899891306529;23.0
2;1010009366;BASE DE MADEIRA ESCURA PARA FRASCO DIFUSOR;1;1;2;23.0;2023-08-21;0;#808080;#FFFFFF;0;11.63;7899891306536;23.0
2;1010009391;CRACHA VENDEDOR;1;1;2;23.0;2023-08-21;0;#808080;#FFFFFF;0;8.94;7899891309087;23.0
2;1010009416;DISPLAY DISPENSER HOTELARIA;1;1;2;23.0;2023-08-21;0;#808080;#FFFFFF;0;19.08;7899891312544;23.0
2;1010009419;TOUCA ECO;1;1;2;23.0;2023-08-21;0;#808080;#FFFFFF;0;11.38;7898464629928;23.0
2;1010009420;TIARA ECO;1;1;2;23.0;2023-08-21;0;#808080;#FFFFFF;0;4.07;7898464628594;23.0
2;1010009440;KIT SERRALHERIA;1;1;2;23.0;2023-08-21;0;#808080;#FFFFFF;0;73.17;7899891313268;23.0
2;1010009441;KIT MARCENARIA;1;1;2;23.0;2023-08-21;0;#808080;#FFFFFF;0;162.60;7899891313275;23.0
2;1010009450;NECESSAIRE BOAS SENSACOES - KIT COM 02;1;1;2;23.0;2023-08-21;0;#808080;#FFFFFF;0;15.94;7899891313732;23.0
2;1010009452;MODULO SLIM 70X80X40;1;1;2;23.0;2023-08-21;0;#808080;#FFFFFF;0;86.75;9000001119207;23.0
2;1010009453;PLACAS DE SINALIZACOES  10 UNIDADES 30X20X60;1;1;2;23.0;2023-08-21;0;#808080;#FFFFFF;0;13.98;9000001119214;23.0
2;1010009454;FERRAGEM MODULO SLIM 1500X270X80;1;1;2;23.0;2023-08-21;0;#808080;#FFFFFF;0;106.83;9000001119221;23.0
2;1011779272;KIT CINTA OLIVA TERAPIA (PCT COM 10 UNID.);1;1;2;23.0;2023-08-21;0;#808080;#FFFFFF;0;20.00;7899891305614;23.0
2;1020000120;BASE PARA AROMATIZANTE 120 ML - RITOS;1;1;2;23.0;2023-08-21;0;#808080;#FFFFFF;0;6.91;7899891308998;23.0
2;1020020040;PERFUME PARA INTERIORES CASCAS & FOLHAS 40 ML;1;1;2;23.0;2023-08-21;0;#808080;#FFFFFF;0;6.10;7899891307243;23.0
2;1020020200;PERFUME PARA INTERIORES CASCAS & FOLHAS 200 ML;1;1;2;23.0;2023-08-21;0;#808080;#FFFFFF;0;15.45;7898464621670;23.0
2;1020021100;PERFUME PARA INTERIORES CASCAS & FOLHAS 1100 ML;1;1;2;23.0;2023-08-21;0;#808080;#FFFFFF;0;39.02;7898464620956;23.0
2;1020110200;PERFUME PARA INTERIORES CURUMIM 200 ML;1;1;2;23.0;2023-08-21;0;#808080;#FFFFFF;0;15.45;7898464621717;23.0
2;1020190150;PERFUME PARA INTERIORES TERRA MADRE 150 ML;1;1;2;23.0;2023-08-21;0;#808080;#FFFFFF;0;25.20;7898464622912;23.0
2;1020230040;PERFUME PARA INTERIORES PITANGA 40 ML;1;1;2;23.0;2023-08-21;0;#808080;#FFFFFF;0;6.10;7899891307274;23.0
2;1020230200;PERFUME PARA INTERIORES PITANGA 200 ML;1;1;2;23.0;2023-08-21;0;#808080;#FFFFFF;0;15.45;7898464621908;23.0
2;1020231100;PERFUME PARA INTERIORES PITANGA 1100 ML;1;1;2;23.0;2023-08-21;0;#808080;#FFFFFF;0;39.02;7898464621182;23.0
2;1020250040;PERFUME PARA INTERIORES MARRUA 40 ML;1;1;2;23.0;2023-08-21;0;#808080;#FFFFFF;0;6.10;7899891307304;23.0
2;1020250200;PERFUME PARA INTERIORES MARRUA 200 ML;1;1;2;23.0;2023-08-21;0;#808080;#FFFFFF;0;15.45;7898464620437;23.0
2;1020251100;PERFUME PARA INTERIORES MARRUA 1100 ML;1;1;2;23.0;2023-08-21;0;#808080;#FFFFFF;0;39.02;7898464621090;23.0
2;1020490040;PERFUME PARA INTERIORES FLOR DE ALGODAO 40 ML;1;1;2;23.0;2023-08-21;0;#808080;#FFFFFF;0;6.10;7899891307281;23.0
2;1020490200;PERFUME PARA INTERIORES FLOR DE ALGODAO 200 ML;1;1;2;23.0;2023-08-21;0;#808080;#FFFFFF;0;15.45;7898464621731;23.0
2;1020491100;PERFUME PARA INTERIORES FLOR DE ALGODAO 1100 ML;1;1;2;23.0;2023-08-21;0;#808080;#FFFFFF;0;39.02;7898464621014;23.0
2;1020550040;PERFUME PARA INTERIORES ALECRIM 40 ML;1;1;2;23.0;2023-08-21;0;#808080;#FFFFFF;0;6.10;7899891307250;23.0
2;1020550200;PERFUME PARA INTERIORES ALECRIM 200 ML;1;1;2;23.0;2023-08-21;0;#808080;#FFFFFF;0;15.45;7898464621601;23.0
2;1020551100;PERFUME PARA INTERIORES ALECRIM 1100 ML;1;1;2;23.0;2023-08-21;0;#808080;#FFFFFF;0;39.02;7898464620888;23.0
2;1020580040;PERFUME PARA INTERIORES AMBAR 40 ML;1;1;2;23.0;2023-08-21;0;#808080;#FFFFFF;0;6.10;7899891307267;23.0
2;1020580200;PERFUME PARA INTERIORES AMBAR 200 ML;1;1;2;23.0;2023-08-21;0;#808080;#FFFFFF;0;15.45;7898464621632;23.0
2;1020581100;PERFUME PARA INTERIORES AMBAR 1100 ML;1;1;2;23.0;2023-08-21;0;#808080;#FFFFFF;0;39.02;7898464620918;23.0
2;1020640040;PERFUME PARA INTERIORES PROVENCE 40 ML;1;1;2;23.0;2023-08-21;0;#808080;#FFFFFF;0;6.10;7899891307298;23.0
2;1020640200;PERFUME PARA INTERIORES PROVENCE 200 ML;1;1;2;23.0;2023-08-21;0;#808080;#FFFFFF;0;15.45;7898464621915;23.0
2;1020641100;PERFUME PARA INTERIORES PROVENCE 1100 ML;1;1;2;23.0;2023-08-21;0;#808080;#FFFFFF;0;39.02;7898464621199;23.0
2;1020800500;PERFUME PARA INTERIORES ALECRIM & CAPIM LIMAO 500 ML;1;1;2;23.0;2023-08-21;0;#808080;#FFFFFF;0;10.08;7898464620314;23.0
2;1021040500;PERFUME PARA INTERIORES LAVANDA & AMBAR 500ML;1;1;2;23.0;2023-08-21;0;#808080;#FFFFFF;0;10.08;7898464625753;23.0
2;1021050500;PERFUME PARA INTERIORES AMORA & PITANGA 500ML;1;1;2;23.0;2023-08-21;0;#808080;#FFFFFF;0;10.08;7898464625715;23.0
2;1021070040;PERFUME PARA INTERIORES BAMBU 40 ML;1;1;2;23.0;2023-08-21;0;#808080;#FFFFFF;0;6.10;7899891308813;23.0
2;1021070201;PERFUME PARA INTERIORES BAMBU 200 ML;1;1;2;23.0;2023-08-21;0;#808080;#FFFFFF;0;15.45;7899891308820;23.0
2;1021071101;PERFUME PARA INTERIORES BAMBU 1100 ML;1;1;2;23.0;2023-08-21;0;#808080;#FFFFFF;0;39.02;7899891308837;23.0
2;1021080150;PERFUME PARA INTERIORES BUQUE DE PEONIAS 150 ML;1;1;2;23.0;2023-08-21;0;#808080;#FFFFFF;0;25.20;7898464626392;23.0
2;1021290090;PERFUME PARA INTERIORES AVADORE 90 ML;1;1;2;23.0;2023-08-21;0;#808080;#FFFFFF;0;22.76;7898464625906;23.0
2;1021620250;PERFUME PARA INTERIORES FOLHAS DE PIMENTA 250ML - SABOR & AR;1;1;2;23.0;2023-08-21;0;#808080;#FFFFFF;0;11.38;7899891305775;23.0
2;1021640250;PERFUME PARA INTERIORES FIGO E PISTACHE 250 ML - SABOR & AR;1;1;2;23.0;2023-08-21;0;#808080;#FFFFFF;0;11.38;7899891305744;23.0
2;1021680250;PERFUME PARA INTERIORES GENGIBRE E ROMA 250 ML - SABOR & AR;1;1;2;23.0;2023-08-21;0;#808080;#FFFFFF;0;11.38;7899891305713;23.0
2;1030021100;AGUA PERFUMADA PARA ROUPAS CASCAS & FOLHAS 1100 ML;1;1;2;23.0;2023-08-21;0;#808080;#FFFFFF;0;15.85;7898464622028;23.0
2;1030231100;AGUA PERFUMADA PARA ROUPAS PITANGA 1100 ML;1;1;2;23.0;2023-08-21;0;#808080;#FFFFFF;0;15.85;7898464622257;23.0
2;1030251100;AGUA PERFUMADA PARA ROUPAS MARRUA 1100 ML;1;1;2;23.0;2023-08-21;0;#808080;#FFFFFF;0;15.85;7898464620451;23.0
2;1030491100;AGUA PERFUMADA PARA ROUPAS FLOR DE ALGODAO 1100 ML;1;1;2;23.0;2023-08-21;0;#808080;#FFFFFF;0;15.85;7898464622080;23.0
2;1030551100;AGUA PERFUMADA PARA ROUPAS ALECRIM 1100 ML;1;1;2;23.0;2023-08-21;0;#808080;#FFFFFF;0;15.85;7898464620444;23.0
2;1030581100;AGUA PERFUMADA PARA ROUPAS AMBAR 1100 ML;1;1;2;23.0;2023-08-21;0;#808080;#FFFFFF;0;15.85;7898464621991;23.0
2;1030641100;AGUA PERFUMADA PARA ROUPAS PROVENCE 1100 ML;1;1;2;23.0;2023-08-21;0;#808080;#FFFFFF;0;15.85;7898464622264;23.0
2;1030801000;AGUA PERFUMADA PARA ROUPAS ALECRIM & CAPIM LIMAO 1000 ML;1;1;2;23.0;2023-08-21;0;#808080;#FFFFFF;0;7.64;7898464620345;23.0
2;1031041000;AGUA PERFUMADA PARA ROUPAS LAVANDA & AMBAR 1000 ML;1;1;2;23.0;2023-08-21;0;#808080;#FFFFFF;0;7.64;7898464625777;23.0
2;1031051000;AGUA PERFUMADA PARA ROUPAS AMORA & PITANGA 1000 ML;1;1;2;23.0;2023-08-21;0;#808080;#FFFFFF;0;7.64;7898464625739;23.0
2;1031071100;AGUA PERFUMADA PARA ROUPAS BAMBU 1100 ML;1;1;2;23.0;2023-08-21;0;#808080;#FFFFFF;0;15.85;7898464621960;23.0
2;1040000150;FRASCO CRISTAL PARA DIFUSOR AVATIM 150 ML;1;1;2;23.0;2023-08-21;0;#808080;#FFFFFF;0;7.32;7899891305331;23.0
2;1040000151;FRASCO VERDE PARA DIFUSOR AVATIM 150 ML;1;1;2;23.0;2023-08-21;0;#808080;#FFFFFF;0;8.13;7899891306949;23.0
2;1040000152;FRASCO AMBAR PARA DIFUSOR AVATIM 150 ML;1;1;2;23.0;2023-08-21;0;#808080;#FFFFFF;0;8.13;7899891306970;23.0
2;1040000250;FRASCO CRISTAL PARA DIFUSOR AVATIM 250 ML;1;1;2;23.0;2023-08-21;0;#808080;#FFFFFF;0;13.82;7899891305287;23.0
2;1040000251;FRASCO VERDE PARA DIFUSOR AVATIM 250 ML;1;1;2;23.0;2023-08-21;0;#808080;#FFFFFF;0;12.20;7899891306956;23.0
2;1040000252;FRASCO AMBAR PARA DIFUSOR AVATIM 250 ML;1;1;2;23.0;2023-08-21;0;#808080;#FFFFFF;0;12.20;7899891306987;23.0
2;1040000500;FRASCO CRISTAL PARA DIFUSOR AVATIM 500 ML;1;1;2;23.0;2023-08-21;0;#808080;#FFFFFF;0;12.20;7899891305386;23.0
2;1040000501;FRASCO VERDE PARA DIFUSOR AVATIM 500 ML;1;1;2;23.0;2023-08-21;0;#808080;#FFFFFF;0;13.82;7899891306963;23.0
2;1040000502;FRASCO AMBAR PARA DIFUSOR AVATIM 500 ML;1;1;2;23.0;2023-08-21;0;#808080;#FFFFFF;0;13.82;7899891306994;23.0
2;1040009028;VARETAS DE BAMBU (CARACOL);1;1;2;23.0;2023-08-21;0;#808080;#FFFFFF;0;4.88;7898464629348;23.0
2;1040009031;VARETAS PALITO;1;1;2;23.0;2023-08-21;0;#808080;#FFFFFF;0;4.07;7898464629683;23.0
2;1040009032;VARETAS ROSA LILAS;1;1;2;23.0;2023-08-21;0;#808080;#FFFFFF;0;7.48;7898464629690;23.0
2;1040009098;DIFUSOR AQUECIDO A VELA;1;1;2;23.0;2023-08-21;0;#808080;#FFFFFF;0;32.11;7899891305393;23.0
2;1040009132;VARETAS MINI FLORES BRANCAS;1;1;2;23.0;2023-08-21;0;#808080;#FFFFFF;0;13.01;7898464624329;23.0
2;1040009133;VARETAS MINI FLORES LILAS;1;1;2;23.0;2023-08-21;0;#808080;#FFFFFF;0;13.01;7898464624336;23.0
2;1040009134;VARETAS MINI FLORES LARANJAS;1;1;2;23.0;2023-08-21;0;#808080;#FFFFFF;0;13.01;7898464624343;23.0
2;1040009135;VARETAS MINI FLORES ROSAS;1;1;2;23.0;2023-08-21;0;#808080;#FFFFFF;0;13.01;7898464624350;23.0
2;1040009136;VARETAS ESCURAS M (PCT COM 12 UND);1;1;2;23.0;2023-08-21;0;#808080;#FFFFFF;0;6.99;7899891300794;23.0
2;1040009144;VARETAS AVADORE;1;1;2;23.0;2023-08-21;0;#808080;#FFFFFF;0;17.56;7899891300787;23.0
2;1040009314;VARETAS RATTAN M (PCT COM 12 UNID);1;1;2;23.0;2023-08-21;0;#808080;#FFFFFF;0;6.99;7899891305300;23.0
2;1040009369;VARETAS MARROM M (PCT COM 12 UND);1;1;2;23.0;2023-08-21;0;#808080;#FFFFFF;0;6.99;7899891307007;23.0
2;1040009370;VARETAS MARROM G (PCT COM 8 UND);1;1;2;23.0;2023-08-21;0;#808080;#FFFFFF;0;8.94;7899891307014;23.0
2;1040009371;VARETAS ESCURAS G (PCT COM 8 UND);1;1;2;23.0;2023-08-21;0;#808080;#FFFFFF;0;8.94;7899891307021;23.0
2;1040009372;VARETAS RATTAN G (PCT COM 8 UND);1;1;2;23.0;2023-08-21;0;#808080;#FFFFFF;0;4.88;7899891307038;23.0
2;1040009373;VARETAS BRANCAS G (PCT COM 8 UND);1;1;2;23.0;2023-08-21;0;#808080;#FFFFFF;0;8.94;7899891307045;23.0
2;1040020030;ESSENCIA CONCENTRADA CASCAS & FOLHAS 30 ML;1;1;2;23.0;2023-08-21;0;#808080;#FFFFFF;0;11.38;7898464623315;23.0
2;1040190350;DIFUSOR DE ESSENCIAS TERRA MADRE 350 ML;1;1;2;23.0;2023-08-21;0;#808080;#FFFFFF;0;64.23;7898464623056;23.0
2;1040230030;ESSENCIA CONCENTRADA PITANGA 30 ML;1;1;2;23.0;2023-08-21;0;#808080;#FFFFFF;0;11.38;7898464625326;23.0
2;1040250030;ESSENCIA CONCENTRADA MARRUA 30 ML;1;1;2;23.0;2023-08-21;0;#808080;#FFFFFF;0;11.38;7898464625289;23.0
2;1040490030;ESSENCIA CONCENTRADA FLOR DE ALGODAO 30 ML;1;1;2;23.0;2023-08-21;0;#808080;#FFFFFF;0;11.38;7898464623322;23.0
2;1040550030;ESSENCIA CONCENTRADA ALECRIM 30 ML;1;1;2;23.0;2023-08-21;0;#808080;#FFFFFF;0;11.38;7898464625272;23.0
2;1040580030;ESSENCIA CONCENTRADA AMBAR 30 ML;1;1;2;23.0;2023-08-21;0;#808080;#FFFFFF;0;11.38;7898464625302;23.0
2;1040640030;ESSENCIA CONCENTRADA PROVENCE 30 ML;1;1;2;23.0;2023-08-21;0;#808080;#FFFFFF;0;11.38;7898464625296;23.0
2;1040800100;DIFUSOR DE ESSENCIAS ALECRIM & CAPIM LIMAO 100 ML;1;1;2;23.0;2023-08-21;0;#808080;#FFFFFF;0;11.79;7899891301937;23.0
2;1041040100;DIFUSOR DE ESSENCIAS LAVANDA & AMBAR 100 ML;1;1;2;23.0;2023-08-21;0;#808080;#FFFFFF;0;11.79;7899891301944;23.0
2;1041050100;DIFUSOR DE ESSENCIAS AMORA & PITANGA 100 ML;1;1;2;23.0;2023-08-21;0;#808080;#FFFFFF;0;11.79;7899891301920;23.0
2;1041070030;ESSENCIA CONCENTRADA BAMBU 30 ML;1;1;2;23.0;2023-08-21;0;#808080;#FFFFFF;0;11.38;7899891308875;23.0
2;1041080350;DIFUSOR DE ESSENCIAS BUQUE DE PEONIAS 350 ML;1;1;2;23.0;2023-08-21;0;#808080;#FFFFFF;0;64.23;7898464626385;23.0
2;1041089145;VARETAS BRANCAS BUQUE DE PEONIAS (PCT COM 12 UND);1;1;2;23.0;2023-08-21;0;#808080;#FFFFFF;0;6.99;7899891300800;23.0
2;1041089145;VARETAS BRANCAS M (PCT COM 12 UND);1;1;2;23.0;2023-08-21;0;#808080;#FFFFFF;0;6.99;7899891300800;23.0
2;1041290100;DIFUSOR DE ESSENCIAS AVADORE 100 ML;1;1;2;23.0;2023-08-21;0;#808080;#FFFFFF;0;33.98;7898464625913;23.0
2;1041420200;DIFUSOR DE ESSENCIAS CONDESSA 200ML;1;1;2;23.0;2023-08-21;0;#808080;#FFFFFF;0;44.72;7898464625678;23.0
2;1050009130;KIT EMULSAO SUAVIZANTE PARA AS MAOS;1;1;2;23.0;2023-08-21;0;#808080;#FFFFFF;0;11.79;7898464629911;23.0
2;1050009358;DIFUSOR DE ESSENCIAS JARDIM BRASIL;1;1;2;23.0;2023-08-21;0;#808080;#FFFFFF;0;22.36;7899891306390;23.0
2;1050009387;KIT MINI AGUAS NATURAIS;1;1;2;23.0;2023-08-21;0;#808080;#FFFFFF;0;34.55;7899891308967;23.0
2;1050019310;KIT DIA DIA LAVANDA;1;1;2;23.0;2023-08-21;0;#808080;#FFFFFF;0;10.16;7899891305201;23.0
2;1050019329;KIT BANHO DE LAVANDA DIA DIA;1;1;2;23.0;2023-08-21;0;#808080;#FFFFFF;0;8.13;7899891305621;23.0
2;1050689421;KIT AUTOCUIDADO AMORA SILVESTRE - SERIE 1;1;1;2;23.0;2023-08-21;0;#808080;#FFFFFF;0;6.18;7899891312513;23.0
2;1050739305;KIT AUTOCUIDADO MANGA VERDE;1;1;2;23.0;2023-08-21;0;#808080;#FFFFFF;0;5.28;7899891304402;23.0
2;1050739421;KIT AUTOCUIDADO MANGA VERDE - SERIE 1;1;1;2;23.0;2023-08-21;0;#808080;#FFFFFF;0;6.18;7899891312520;23.0
2;1050789310;KIT DIA DIA MARINA;1;1;2;23.0;2023-08-21;0;#808080;#FFFFFF;0;10.16;7899891305232;23.0
2;1050789329;KIT BANHO MARINA DIA DIA;1;1;2;23.0;2023-08-21;0;#808080;#FFFFFF;0;8.13;7899891305669;23.0
2;1050799310;KIT DIA DIA TAPAJOS;1;1;2;23.0;2023-08-21;0;#808080;#FFFFFF;0;10.16;7899891305218;23.0
2;1050799329;KIT BANHO TAPAJOS DIA DIA;1;1;2;23.0;2023-08-21;0;#808080;#FFFFFF;0;8.13;7899891305645;23.0
2;1051039137;KIT BANHO DE BEM ESTAR - CUPUACU E CASTANHA DO BRASIL;1;1;2;23.0;2023-08-21;0;#808080;#FFFFFF;0;23.01;7898464628983;23.0
2;1051119378;KIT BONISSIMO - MASCULINO;1;1;2;23.0;2023-08-21;0;#808080;#FFFFFF;0;23.58;7899891308202;23.0
2;1051369305;KIT AUTOCUIDADO CUPUACU;1;1;2;23.0;2023-08-21;0;#808080;#FFFFFF;0;5.28;7899891304426;23.0
2;1051369421;KIT AUTOCUIDADO CUPUACU - SERIE 1;1;1;2;23.0;2023-08-21;0;#808080;#FFFFFF;0;6.18;7899891312537;23.0
2;1051499380;KIT SELETO 2 - MASCULINO;1;1;2;23.0;2023-08-21;0;#808080;#FFFFFF;0;24.80;7899891308226;23.0
2;1051509309;KIT MINI GIGI;1;1;2;23.0;2023-08-21;0;#808080;#FFFFFF;0;14.63;7899891305003;23.0
2;1051529352;KIT MURU MURU & PATAUA;1;1;2;23.0;2023-08-21;0;#808080;#FFFFFF;0;14.63;7899891306161;23.0
2;1051559252;KIT BANHO DE BEM ESTAR - COPAIBA & ANDIROBA;1;1;2;23.0;2023-08-21;0;#808080;#FFFFFF;0;23.01;7899891302149;23.0
2;1051609379;KIT BONISSIMO BLACK 2 - MASCULINO;1;1;2;23.0;2023-08-21;0;#808080;#FFFFFF;0;23.58;7899891308219;23.0
2;1060009040;PASTA VERDE PORTFOLIO DE FRAGRANCIAS;1;1;2;23.0;2023-08-21;0;#808080;#FFFFFF;0;0.00;7898464627733;23.0
2;1060009054;TAG PRESENTE (PACOTE C/ 100 UN);1;1;2;23.0;2023-08-21;0;#808080;#FFFFFF;0;18.29;7898464627801;23.0
2;1060009141;SACOLA P VERDE;1;1;2;23.0;2023-08-21;0;#808080;#FFFFFF;0;0.00;7899891300589;23.0
2;1060009142;SACOLA M VERDE;1;1;2;23.0;2023-08-21;0;#808080;#FFFFFF;0;0.00;7899891300596;23.0
2;1060009201;AVENTAL XADREZ ECO;1;1;2;23.0;2023-08-21;0;#808080;#FFFFFF;0;35.77;7899891301661;23.0
2;1060009247;SACOLA P VERDE ALCA GORGURAO;1;1;2;23.0;2023-08-21;0;#808080;#FFFFFF;0;0.00;7899891302170;23.0
2;1060009248;SACOLA M VERDE ALCA GORGURAO;1;1;2;23.0;2023-08-21;0;#808080;#FFFFFF;0;0.00;7899891302187;23.0
2;1060009249;SACOLA G VERDE ALCA GORGURAO;1;1;2;23.0;2023-08-21;0;#808080;#FFFFFF;0;0.00;7899891302194;23.0
2;1060009376;PASTA GRAFITE PORTFOLIO DE FRAGANCIAS;1;1;2;23.0;2023-08-21;0;#808080;#FFFFFF;0;0.00;7899891307342;23.0
2;1060009381;FITA CETIM DOURADA 38MM C/ LOGO AVATIM (70 METROS);1;1;2;23.0;2023-08-21;0;#808080;#FFFFFF;0;0.00;7899891308455;23.0
2;1060009388;FITA GORGURAO VERDE 15MM REFUGIO DE BOAS SENSACOES (70 MT);1;1;2;23.0;2023-08-21;0;#808080;#FFFFFF;0;0.00;7899891308981;23.0
2;1060010002;AMOSTRA BANHO REFRESCANTE LAVANDA 2 ML;1;1;2;23.0;2023-08-21;0;#808080;#FFFFFF;0;0.00;7899891304099;23.0
2;1060760002;AMOSTRA BANHO REFRESCANTE FLOR DE CEREJEIRA 2 ML;1;1;2;23.0;2023-08-21;0;#808080;#FFFFFF;0;0.00;7899891304082;23.0
2;1060830002;AMOSTRA BANHO REFRESCANTE CHA VERDE & ERVAS 2 ML;1;1;2;23.0;2023-08-21;0;#808080;#FFFFFF;0;0.00;7899891304075;23.0
2;1061100005;AMOSTRA AGUA REFRESCANTE VERBENA & BAMBU 2 ML;1;1;2;23.0;2023-08-21;0;#808080;#FFFFFF;0;0.00;7899891303955;23.0
2;1061110005;AMOSTRA DEO COLONIA BONISSIMO 2 ML;1;1;2;23.0;2023-08-21;0;#808080;#FFFFFF;0;0.00;7898464626637;23.0
2;1061150002;AMOSTRA AGUA DE COLONIA APOENA 2 ML;1;1;2;23.0;2023-08-21;0;#808080;#FFFFFF;0;0.00;7898464629362;23.0
2;1061490002;AMOSTRA DEO PARFUM MASCULINO SELETO 2 ML;1;1;2;23.0;2023-08-21;0;#808080;#FFFFFF;0;0.00;7899891302712;23.0
2;1061500005;AMOSTRA DEO COLONIA FEMININA GIGI 2 ML;1;1;2;23.0;2023-08-21;0;#808080;#FFFFFF;0;0.00;7899891302033;23.0
2;1061570005;AMOSTRA DEO COLONIA AMAU 2 ML;1;1;2;23.0;2023-08-21;0;#808080;#FFFFFF;0;0.00;7899891301265;23.0
2;1061600005;AMOSTRA DEO COLONIA BONISSIMO BLACK 2 ML;1;1;2;23.0;2023-08-21;0;#808080;#FFFFFF;0;0.00;7899891301494;23.0
2;1061780002;AMOSTRA DEO PARFUM SELETO OCEAN 2 ML;1;1;2;23.0;2023-08-21;0;#808080;#FFFFFF;0;0.00;7899891308189;23.0
2;1061810005;AMOSTRA DEO COLONIA ACUCENA 2 ML;1;1;2;23.0;2023-08-21;0;#808080;#FFFFFF;0;0.00;7899891306291;23.0
2;1061860002;AMOSTRA DEO COLONIA SUBLIME 2 ML;1;1;2;23.0;2023-08-21;0;#808080;#FFFFFF;0;0.00;7899891309032;23.0
2;1061870002;AMOSTRA AGUA REFRESCANTE RELAXAMENTO 2 ML - AGUAS NATURAIS;1;1;2;23.0;2023-08-21;0;#808080;#FFFFFF;0;0.00;7899891308059;23.0
2;1061880002;AMOSTRA AGUA REFRESCANTE ACONCHEGO 2 ML - AGUAS NATURAIS;1;1;2;23.0;2023-08-21;0;#808080;#FFFFFF;0;0.00;7899891308066;23.0
2;1061890002;AMOSTRA AGUA REFRESCANTE ENERGIA 2 ML - AGUAS NATURAIS;1;1;2;23.0;2023-08-21;0;#808080;#FFFFFF;0;0.00;7899891308073;23.0
2;1061900002;AMOSTRA AGUA REFRESCANTE CONCENTRACAO 2 ML - AGUAS NATURAIS;1;1;2;23.0;2023-08-21;0;#808080;#FFFFFF;0;0.00;7899891308080;23.0
2;1062040002;AMOSTRA DEO PARFUM SELETO HERBO 2 ML;1;1;2;23.0;2023-08-21;0;#808080;#FFFFFF;0;0.00;7899891312186;23.0
2;1070000120;OLEO VEGETAL DE SEMENTE DE UVA 120 ML - RITOS;1;1;2;23.0;2023-08-21;0;#808080;#FFFFFF;0;9.76;7899891309001;23.0
2;1070000250;CREME HIDRATANTE CARREADOR NEUTRO 250G - RITOS;1;1;2;23.0;2023-08-21;0;#808080;#FFFFFF;0;12.20;7899891309018;23.0
2;1070010300;EMULSAO HIDRATANTE LAVANDA 300 ML - DIA DIA;1;1;2;23.0;2023-08-21;0;#808080;#FFFFFF;0;7.80;7899891303368;23.0
2;1070110380;ALCOOL EM GEL CURUMIM;1;1;2;23.0;2023-08-21;0;#808080;#FFFFFF;0;6.10;7898464624688;23.0
2;1070190350;HIDRATANTE CORPORAL TERRA MADRE 350 ML;1;1;2;23.0;2023-08-21;0;#808080;#FFFFFF;0;30.65;7898464623032;23.0
2;1070620120;OLEO DE BANHO E MASSAGEM MURU MURU 120 ML - RITOS;1;1;2;23.0;2023-08-21;0;#808080;#FFFFFF;0;8.13;7899891302804;23.0
2;1070680050;EMULSAO SUAVIZANTE MAOS AMORA SILVESTRE 50G AUTOCUIDADO;1;1;2;23.0;2023-08-21;0;#808080;#FFFFFF;0;5.28;7898464620277;23.0
2;1070680055;ALCOOL EM GEL AMORA SILVESTRE 55 G - AUTOCUIDADO;1;1;2;23.0;2023-08-21;0;#808080;#FFFFFF;0;2.44;7899891305348;23.0
2;1070730050;EMULSAO SUAVIZANTE MAOS MANGA VERDE 50G AUTOCUIDADO;1;1;2;23.0;2023-08-21;0;#808080;#FFFFFF;0;5.28;7898464620253;23.0
2;1070730055;ALCOOL EM GEL MANGA VERDE 55 G - AUTOCUIDADO;1;1;2;23.0;2023-08-21;0;#808080;#FFFFFF;0;2.44;7899891305355;23.0
2;1070740120;OLEO DE BANHO E MASSAGEM YLANG YLANG 120 ML - RITOS;1;1;2;23.0;2023-08-21;0;#808080;#FFFFFF;0;8.13;7899891303221;23.0
2;1070760300;EMULSAO HIDRATANTE FLOR DE CEREJEIRA 300 ML - DIA DIA;1;1;2;23.0;2023-08-21;0;#808080;#FFFFFF;0;7.80;7899891303313;23.0
2;1070780300;EMULSAO HIDRATANTE MARINA 300 ML - DIA DIA;1;1;2;23.0;2023-08-21;0;#808080;#FFFFFF;0;7.80;7899891303320;23.0
2;1070790300;EMULSAO HIDRATANTE TAPAJOS 300 ML - DIA DIA;1;1;2;23.0;2023-08-21;0;#808080;#FFFFFF;0;7.80;7899891303337;23.0
2;1070830300;EMULSAO HIDRATANTE CHA VERDE & ERVAS 300 ML - DIA DIA;1;1;2;23.0;2023-08-21;0;#808080;#FFFFFF;0;7.80;7899891303344;23.0
2;1071030300;OLEO EM CREME CUPUACU & CASTANHA DO BRASIL 300 G;1;1;2;23.0;2023-08-21;0;#808080;#FFFFFF;0;14.63;7899891300077;23.0
2;1071030500;ACUCAR EM OLEO CUPUACU & CASTANHA DO BRASIL 500 G;1;1;2;23.0;2023-08-21;0;#808080;#FFFFFF;0;29.67;7899891300435;23.0
2;1071080350;HIDRATANTE CORPORAL BUQUE DE PEONIAS 350 ML;1;1;2;23.0;2023-08-21;0;#808080;#FFFFFF;0;30.65;7898464626408;23.0
2;1071100201;LOCAO HIDRATANTE CORPORAL & VERBENA BAMBU 200 ML;1;1;2;23.0;2023-08-21;0;#808080;#FFFFFF;0;7.24;7899891308608;23.0
2;1071109363;LOCAO HIDRATANTE VERBENA & BAMBU 35 ML (CX C/ 120 UND);1;1;2;23.0;2023-08-21;0;#808080;#FFFFFF;0;172.81;7899891306505;23.0
2;1071110060;BONISSIMO BALM - POS BARBA 60 G;1;1;2;23.0;2023-08-21;0;#808080;#FFFFFF;0;5.69;7899891308325;23.0
2;1071110080;BONISSIMO SHAVE - CREME PARA BARBEAR 80 G;1;1;2;23.0;2023-08-21;0;#808080;#FFFFFF;0;4.07;7898464628426;23.0
2;1071110085;BONISSIMO POMADE - POMADA MODELADORA 85 G;1;1;2;23.0;2023-08-21;0;#808080;#FFFFFF;0;8.54;7899891304266;23.0
2;1071170010;SACHE CREME HIDRATANTE ACETINADO SERENA 10 G;1;1;2;23.0;2023-08-21;0;#808080;#FFFFFF;0;0.81;7899891308233;23.0
2;1071170200;CREME ACETINADO HIDRATANTE CORPORAL SERENA 200 G;1;1;2;23.0;2023-08-21;0;#808080;#FFFFFF;0;31.30;7899891307663;23.0
2;1071270300;OLEO EM CREME MARACUJA & LIMA 300 G;1;1;2;23.0;2023-08-21;0;#808080;#FFFFFF;0;14.63;7899891313367;23.0
2;1071280300;OLEO EM CREME PERA & LIMAO 300 G;1;1;2;23.0;2023-08-21;0;#808080;#FFFFFF;0;14.63;7899891313350;23.0
2;1071300140;MASCARA FACIAL BRANCA 140 G;1;1;2;23.0;2023-08-21;0;#808080;#FFFFFF;0;9.51;7899891307588;23.0
2;1071320140;MASCARA FACIAL VERDE 140 G;1;1;2;23.0;2023-08-21;0;#808080;#FFFFFF;0;9.51;7899891307571;23.0
2;1071330120;OLEO DE BANHO E MASSAGEM ZIMBRO 120 ML - RITOS;1;1;2;23.0;2023-08-21;0;#808080;#FFFFFF;0;8.13;7899891303245;23.0
2;1071340120;OLEO DE BANHO E MASSAGEM LEMONGRASS 120 ML - RITOS;1;1;2;23.0;2023-08-21;0;#808080;#FFFFFF;0;8.13;7899891303238;23.0
2;1071360050;EMULSAO SUAVIZANTE MAOS CUPUACU 50G AUTOCUIDADO;1;1;2;23.0;2023-08-21;0;#808080;#FFFFFF;0;5.28;7898464620260;23.0
2;1071360055;ALCOOL EM GEL CUPUACU 55 G - AUTOCUIDADO;1;1;2;23.0;2023-08-21;0;#808080;#FFFFFF;0;2.44;7899891305362;23.0
2;1071500200;OLEO DE BANHO GIGI 210 ML;1;1;2;23.0;2023-08-21;0;#808080;#FFFFFF;0;16.10;7899891304198;23.0
2;1071500201;CREME ACETINADO HIDRATANTE CORPORAL GIGI 200 G;1;1;2;23.0;2023-08-21;0;#808080;#FFFFFF;0;31.30;7899891306437;23.0
2;1071529402;HIDRATANTE CORPORAL MURU MURU & PATAUA 35 ML (CX C/ 120 UND);1;1;2;23.0;2023-08-21;0;#808080;#FFFFFF;0;172.81;7899891312025;23.0
2;1071550300;OLEO EM CREME COPAIBA & ANDIROBA 300 G;1;1;2;23.0;2023-08-21;0;#808080;#FFFFFF;0;14.63;7899891300831;23.0
2;1071550500;ACUCAR EM OLEO COPAIBA & ANDIROBA 500 G;1;1;2;23.0;2023-08-21;0;#808080;#FFFFFF;0;29.67;7899891302132;23.0
2;1071620250;HIDRATANTE PARA MAOS FOLHAS DE PIMENTA 250 ML - SABOR & AR;1;1;2;23.0;2023-08-21;0;#808080;#FFFFFF;0;11.79;7899891305799;23.0
2;1071640250;HIDRATANTE PARA MAOS FIGO E PISTACHE 250 ML - SABOR & AR;1;1;2;23.0;2023-08-21;0;#808080;#FFFFFF;0;11.79;7899891305768;23.0
2;1071660100;HIDRATANTE FACIAL 100 G - MEL TERAPIA;1;1;2;23.0;2023-08-21;0;#808080;#FFFFFF;0;19.11;7899891302538;23.0
2;1071669271;MOUSSE DE LIMPEZA 100 G - MEL TERAPIA;1;1;2;23.0;2023-08-21;0;#808080;#FFFFFF;0;17.89;7899891302545;23.0
2;1071680250;HIDRATANTE PARA MAOS GENGIBRE E ROMA 250 ML - SABOR & AR;1;1;2;23.0;2023-08-21;0;#808080;#FFFFFF;0;11.79;7899891305737;23.0
2;1071780130;LOCAO HIDRATANTE SELETO OCEAN 130 ML;1;1;2;23.0;2023-08-21;0;#808080;#FFFFFF;0;5.69;7899891309148;23.0
2;1071810200;CREME ACETINADO HIDRATANTE CORPORAL ACUCENA 200 G;1;1;2;23.0;2023-08-21;0;#808080;#FFFFFF;0;31.30;7899891306352;23.0
2;1071810210;OLEO DE BANHO ACUCENA 210 ML;1;1;2;23.0;2023-08-21;0;#808080;#FFFFFF;0;16.10;7899891306345;23.0
2;1071910140;MASCARA FACIAL PRETA 140 G;1;1;2;23.0;2023-08-21;0;#808080;#FFFFFF;0;9.51;7899891307595;23.0
2;1071980010;OLEO ESSENCIAL MELALEUCA 10 ML - RITOS;1;1;2;23.0;2023-08-21;0;#808080;#FFFFFF;0;13.01;7899891308707;23.0
2;1071990010;OLEO ESSENCIAL AMAZONGRASS 10 ML - RITOS;1;1;2;23.0;2023-08-21;0;#808080;#FFFFFF;0;12.60;7899891308714;23.0
2;1072000010;OLEO ESSENCIAL LARANJA 10 ML - RITOS;1;1;2;23.0;2023-08-21;0;#808080;#FFFFFF;0;12.20;7899891308721;23.0
2;1072010010;OLEO ESSENCIAL ALECRIM 10 ML - RITOS;1;1;2;23.0;2023-08-21;0;#808080;#FFFFFF;0;14.63;7899891308738;23.0
2;1072020010;OLEO ESSENCIAL MENTA PIPERITA 10 ML - RITOS;1;1;2;23.0;2023-08-21;0;#808080;#FFFFFF;0;12.20;7899891308745;23.0
2;1072030010;OLEO ESSENCIAL LAVANDA 10 ML - RITOS;1;1;2;23.0;2023-08-21;0;#808080;#FFFFFF;0;15.04;7899891308752;23.0
2;1080830300;BANHO REFRESCANTE CHA VERDE & ERVAS 300 ML - DIA DIA;1;1;2;23.0;2023-08-21;0;#808080;#FFFFFF;0;15.28;7899891303283;23.0
2;1081100300;AGUA REFRESCANTE VERBENA & BAMBU 300 ML;1;1;2;23.0;2023-08-21;0;#808080;#FFFFFF;0;16.26;7899891308615;23.0
2;1081110100;DEO COLONIA BONISSIMO 100 ML;1;1;2;23.0;2023-08-21;0;#808080;#FFFFFF;0;28.86;7899891306130;23.0
2;1081150101;DEO COLONIA APOENA 100 ML - RELICARIO;1;1;2;23.0;2023-08-21;0;#808080;#FFFFFF;0;19.11;7899891308776;23.0
2;1081170101;DEO PARFUM SERENA 100 ML;1;1;2;23.0;2023-08-21;0;#808080;#FFFFFF;0;24.07;7899891307687;23.0
2;1081490101;DEO PARFUM SELETO 100 ML - SERIE 2;1;1;2;23.0;2023-08-21;0;#808080;#FFFFFF;0;33.74;7899891308240;23.0
2;1081500100;DEO COLONIA GIGI 100 ML;1;1;2;23.0;2023-08-21;0;#808080;#FFFFFF;0;40.24;7899891300237;23.0
2;1081530100;DEO COLONIA EM FLOR 100 ML - RELICARIO;1;1;2;23.0;2023-08-21;0;#808080;#FFFFFF;0;19.11;7899891308806;23.0
2;1081570101;DEO COLONIA AMAU 100 ML - RELICARIO;1;1;2;23.0;2023-08-21;0;#808080;#FFFFFF;0;19.11;7899891308790;23.0
2;1081600100;DEO COLONIA BONISSIMO BLACK 100 ML;1;1;2;23.0;2023-08-21;0;#808080;#FFFFFF;0;28.86;7899891306123;23.0
2;1081780100;DEO PARFUM SELETO OCEAN 100 ML;1;1;2;23.0;2023-08-21;0;#808080;#FFFFFF;0;33.74;7899891307694;23.0
2;1081810100;DEO COLONIA ACUCENA 100 ML;1;1;2;23.0;2023-08-21;0;#808080;#FFFFFF;0;38.21;7899891306321;23.0
2;1081860060;DEO COLONIA SUBLIME 60 ML;1;1;2;23.0;2023-08-21;0;#808080;#FFFFFF;0;17.07;7899891307052;23.0
2;1081870200;AGUA REFRESCANTE RELAXAMENTO 200 ML - AGUAS NATURAIS;1;1;2;23.0;2023-08-21;0;#808080;#FFFFFF;0;22.36;7899891307601;23.0
2;1081880200;AGUA REFRESCANTE ACONCHEGO 200 ML - AGUAS NATURAIS;1;1;2;23.0;2023-08-21;0;#808080;#FFFFFF;0;22.36;7899891307618;23.0
2;1081890200;AGUA REFRESCANTE ENERGIA 200 ML - AGUAS NATURAIS;1;1;2;23.0;2023-08-21;0;#808080;#FFFFFF;0;22.36;7899891307625;23.0
2;1081900200;AGUA REFRESCANTE CONCENTRACAO 200 ML - AGUAS NATURAIS;1;1;2;23.0;2023-08-21;0;#808080;#FFFFFF;0;22.36;7899891307632;23.0
2;1082040100;DEO PARFUM SELETO HERBO 100 ML;1;1;2;23.0;2023-08-21;0;#808080;#FFFFFF;0;33.74;7899891312117;23.0
2;1082060100;DEO PARFUM IRIS 100 ML;1;1;2;23.0;2023-08-21;0;#808080;#FFFFFF;0;31.71;7899891313374;23.0
2;1082070101;DEO COLONIA OZARA 100 ML;1;1;2;23.0;2023-08-21;0;#808080;#FFFFFF;0;31.71;7899891313725;23.0
2;1090009093;CHEIROS DA BAHIA - CX COM 5 SABONETES;1;1;2;23.0;2023-08-21;0;#808080;#FFFFFF;0;18.70;7898464625562;23.0
2;1090010200;SABONETE EM BARRA LAVANDA 200 G - DIA DIA;1;1;2;23.0;2023-08-21;0;#808080;#FFFFFF;0;4.39;7899891303467;23.0
2;1090010300;GEL DE BANHO LAVANDA 300 G - DIA DIA;1;1;2;23.0;2023-08-21;0;#808080;#FFFFFF;0;9.35;7899891303412;23.0
2;1090020120;SABONETE EM BARRA CASCAS & FOLHAS 120 G;1;1;2;23.0;2023-08-21;0;#808080;#FFFFFF;0;3.98;7899891308646;23.0
2;1090020400;SABONETE LIQUIDO CASCAS & FOLHAS 400 ML;1;1;2;23.0;2023-08-21;0;#808080;#FFFFFF;0;10.57;7899891307151;23.0
2;1090020500;SABONETE LIQUIDO CASCAS & FOLHAS 500ML;1;1;2;23.0;2023-08-21;0;#808080;#FFFFFF;0;22.28;7898464625814;23.0
2;1090110400;SABONETE LIQUIDO CURUMIM 400 ML;1;1;2;23.0;2023-08-21;0;#808080;#FFFFFF;0;10.57;7899891307229;23.0
2;1090190120;SABONETE EM BARRA TERRA MADRE (CX/3 UNID.);1;1;2;23.0;2023-08-21;0;#808080;#FFFFFF;0;18.70;7898464623018;23.0
2;1090190350;SABONETE LIQUIDO TERRA MADRE 350 ML;1;1;2;23.0;2023-08-21;0;#808080;#FFFFFF;0;32.85;7898464623025;23.0
2;1090230120;SABONETE EM BARRA PITANGA 120 G;1;1;2;23.0;2023-08-21;0;#808080;#FFFFFF;0;3.98;7899891307748;23.0
2;1090230400;SABONETE LIQUIDO PITANGA 400 ML;1;1;2;23.0;2023-08-21;0;#808080;#FFFFFF;0;10.57;7899891307182;23.0
2;1090230500;SABONETE LIQUIDO PITANGA 500ML;1;1;2;23.0;2023-08-21;0;#808080;#FFFFFF;0;22.28;7898464625852;23.0
2;1090250120;SABONETE EM BARRA MARRUA 120 G;1;1;2;23.0;2023-08-21;0;#808080;#FFFFFF;0;3.98;7899891309063;23.0
2;1090250400;SABONETE LIQUIDO MARRUA 400 ML;1;1;2;23.0;2023-08-21;0;#808080;#FFFFFF;0;10.57;7899891307212;23.0
2;1090250500;SABONETE LIQUIDO MARRUA 500ML;1;1;2;23.0;2023-08-21;0;#808080;#FFFFFF;0;22.28;7898464625845;23.0
2;1090490120;SABONETE EM BARRA FLOR DE ALGODAO 120 G;1;1;2;23.0;2023-08-21;0;#808080;#FFFFFF;0;3.98;7899891308653;23.0
2;1090490400;SABONETE LIQUIDO FLOR DE ALGODAO 400 ML;1;1;2;23.0;2023-08-21;0;#808080;#FFFFFF;0;10.57;7899891307199;23.0
2;1090490500;SABONETE LIQUIDO FLOR DE ALGODAO 500ML;1;1;2;23.0;2023-08-21;0;#808080;#FFFFFF;0;22.28;7898464625838;23.0
2;1090550120;SABONETE EM BARRA ALECRIM 120 G;1;1;2;23.0;2023-08-21;0;#808080;#FFFFFF;0;3.98;7899891308622;23.0
2;1090550400;SABONETE LIQUIDO ALECRIM 400 ML;1;1;2;23.0;2023-08-21;0;#808080;#FFFFFF;0;10.57;7899891307168;23.0
2;1090550500;SABONETE LIQUIDO ALECRIM 500ML;1;1;2;23.0;2023-08-21;0;#808080;#FFFFFF;0;22.28;7898464625791;23.0
2;1090580120;SABONETE EM BARRA AMBAR 120 G;1;1;2;23.0;2023-08-21;0;#808080;#FFFFFF;0;3.98;7899891308639;23.0
2;1090580400;SABONETE LIQUIDO AMBAR 400 ML;1;1;2;23.0;2023-08-21;0;#808080;#FFFFFF;0;10.57;7899891307175;23.0
2;1090580500;SABONETE LIQUIDO AMBAR 500ML;1;1;2;23.0;2023-08-21;0;#808080;#FFFFFF;0;22.28;7898464625807;23.0
2;1090620300;GEL DE BANHO MURU MURU 300 G - RITOS;1;1;2;23.0;2023-08-21;0;#808080;#FFFFFF;0;9.76;7899891303214;23.0
2;1090640120;SABONETE EM BARRA PROVENCE 120 G;1;1;2;23.0;2023-08-21;0;#808080;#FFFFFF;0;3.98;7899891308660;23.0
2;1090640400;SABONETE LIQUIDO PROVENCE 400 ML;1;1;2;23.0;2023-08-21;0;#808080;#FFFFFF;0;10.57;7899891307205;23.0
2;1090640500;SABONETE LIQUIDO PROVENCE 500ML;1;1;2;23.0;2023-08-21;0;#808080;#FFFFFF;0;22.28;7898464625869;23.0
2;1090740300;GEL DE BANHO YLANG YLANG 300 G - RITOS;1;1;2;23.0;2023-08-21;0;#808080;#FFFFFF;0;9.76;7899891303207;23.0
2;1090760200;SABONETE EM BARRA FLOR DE CEREJEIRA 200 G - DIA DIA;1;1;2;23.0;2023-08-21;0;#808080;#FFFFFF;0;4.39;7899891303429;23.0
2;1090760300;GEL DE BANHO FLOR DE CEREJEIRA 300 G - DIA DIA;1;1;2;23.0;2023-08-21;0;#808080;#FFFFFF;0;9.35;7899891303375;23.0
2;1090780200;SABONETE EM BARRA MARINA 200 G - DIA DIA;1;1;2;23.0;2023-08-21;0;#808080;#FFFFFF;0;4.39;7899891303436;23.0
2;1090780300;GEL DE BANHO MARINA 300 G - DIA DIA;1;1;2;23.0;2023-08-21;0;#808080;#FFFFFF;0;9.35;7899891303382;23.0
2;1090790200;SABONETE EM BARRA TAPAJOS 200 G - DIA DIA;1;1;2;23.0;2023-08-21;0;#808080;#FFFFFF;0;4.39;7899891303443;23.0
2;1090790300;GEL DE BANHO TAPAJOS 300 G - DIA DIA;1;1;2;23.0;2023-08-21;0;#808080;#FFFFFF;0;10.33;7899891303399;23.0
2;1090800100;SABONETE EM BARRA ALECRIM & CAPIM LIMAO 100 G (CX/ 3 UND);1;1;2;23.0;2023-08-21;0;#808080;#FFFFFF;0;5.85;7898464629249;23.0
2;1090800350;SABONETE LIQUIDO ALECRIM & CAPIM LIMAO 350 ML;1;1;2;23.0;2023-08-21;0;#808080;#FFFFFF;0;5.85;7898464620307;23.0
2;1090830030;SABONETE EM BARRA CHA VERDE & ERVAS 30 G;1;1;2;23.0;2023-08-21;0;#808080;#FFFFFF;0;0.00;7899891303757;23.0
2;1090830200;SABONETE EM BARRA CHA VERDE & ERVAS 200 G - DIA DIA;1;1;2;23.0;2023-08-21;0;#808080;#FFFFFF;0;4.39;7899891303450;23.0
2;1090830300;GEL DE BANHO CHA VERDE & ERVAS 300 G - DIA DIA;1;1;2;23.0;2023-08-21;0;#808080;#FFFFFF;0;9.35;7899891303405;23.0
2;1091030180;SABONETE LIQUIDO ESFOLIANTE CUPUACU & CASTANHA DO BRASIL 180;1;1;2;23.0;2023-08-21;0;#808080;#FFFFFF;0;7.56;7898464625609;23.0
2;1091040100;SABONETE EM BARRA LAVANDA & AMBAR 100 G (CX/3 UNID);1;1;2;23.0;2023-08-21;0;#808080;#FFFFFF;0;5.85;7898464629256;23.0
2;1091040350;SABONETE LIQUIDO LAVANDA & AMBAR 350 ML;1;1;2;23.0;2023-08-21;0;#808080;#FFFFFF;0;5.85;7898464625760;23.0
2;1091050100;SABONETE EM BARRA AMORA & PITANGA 100 G (CX/3 UNI);1;1;2;23.0;2023-08-21;0;#808080;#FFFFFF;0;5.85;7898464629263;23.0
2;1091050350;SABONETE LIQUIDO AMORA & PITANGA 350 ML;1;1;2;23.0;2023-08-21;0;#808080;#FFFFFF;0;5.85;7898464625722;23.0
2;1091070120;SABONETE EM BARRA BAMBU 120 G;1;1;2;23.0;2023-08-21;0;#808080;#FFFFFF;0;3.98;7898464629942;23.0
2;1091070400;SABONETE LIQUIDO BAMBU 400 ML;1;1;2;23.0;2023-08-21;0;#808080;#FFFFFF;0;10.57;7899891308851;23.0
2;1091070500;SABONETE LIQUIDO BAMBU 500 ML;1;1;2;23.0;2023-08-21;0;#808080;#FFFFFF;0;22.28;7899891308868;23.0
2;1091080120;SABONETE EM BARRA BUQUE DE PEONIAS 120 G (CX/ 3 UNID.);1;1;2;23.0;2023-08-21;0;#808080;#FFFFFF;0;18.70;7898464626422;23.0
2;1091080350;SABONETE LIQUIDO BUQUE DE PEONIAS 350 ML;1;1;2;23.0;2023-08-21;0;#808080;#FFFFFF;0;32.85;7898464626415;23.0
2;1091100200;GEL DE BANHO VERBENA & BAMBU 200 G;1;1;2;23.0;2023-08-21;0;#808080;#FFFFFF;0;6.42;7899891308592;23.0
2;1091109294;SABONETE EM BARRA VERBENA & BAMBU 100 G (PC COM 3 UNID);1;1;2;23.0;2023-08-21;0;#808080;#FFFFFF;0;10.81;7899891303900;23.0
2;1091109361;GEL DE BANHO VERBENA & BAMBU 35 G (CX C/ 120 UND);1;1;2;23.0;2023-08-21;0;#808080;#FFFFFF;0;123.95;7899891306482;23.0
2;1091109364;SABONETE EM BARRA VERBENA & BAMBU 30 G (CX C/ 180 UND);1;1;2;23.0;2023-08-21;0;#808080;#FFFFFF;0;219.44;7899891306512;23.0
2;1091109398;GEL DE BANHO VERBENA & BAMBU 390 G (CX C/ 20 UND);1;1;2;23.0;2023-08-21;0;#808080;#FFFFFF;0;148.78;7899891309179;23.0
2;1091119128;SABONETE EM BARRA BONISSIMO 100 G (CX/3 UNID);1;1;2;23.0;2023-08-21;0;#808080;#FFFFFF;0;10.81;7898464629843;23.0
2;1091119301;BONISSIMO SHAVING - GEL PARA BARBEAR 100 G;1;1;2;23.0;2023-08-21;0;#808080;#FFFFFF;0;4.72;7899891304273;23.0
2;1091170200;GEL DE BANHO SERENA 200 G;1;1;2;23.0;2023-08-21;0;#808080;#FFFFFF;0;6.34;7899891307649;23.0
2;1091330300;GEL DE BANHO ZIMBRO 300 G - RITOS;1;1;2;23.0;2023-08-21;0;#808080;#FFFFFF;0;9.76;7899891302750;23.0
2;1091340300;GEL DE BANHO LEMONGRASS 300 G - RITOS;1;1;2;23.0;2023-08-21;0;#808080;#FFFFFF;0;9.76;7899891302743;23.0
2;1091490030;SABONETE EM BARRA 2 EM 1 SELETO 30 G;1;1;2;23.0;2023-08-21;0;#808080;#FFFFFF;0;0.00;7899891306307;23.0
2;1091490100;SABONETE EM BARRA SELETO 2 EM 1 - 100 G (CX COM 2 UNID.);1;1;2;23.0;2023-08-21;0;#808080;#FFFFFF;0;8.62;7899891306314;23.0
2;1091500100;SABONETE EM BARRA GIGI 100 G (CX COM 2 UNID.);1;1;2;23.0;2023-08-21;0;#808080;#FFFFFF;0;9.35;7899891304181;23.0
2;1091500200;GEL DE BANHO GIGI 210 G;1;1;2;23.0;2023-08-21;0;#808080;#FFFFFF;0;9.35;7899891304204;23.0
2;1091529390;GEL DE BANHO MURU MURU & PATAUA 390 G (CX C/ 20 UND);1;1;2;23.0;2023-08-21;0;#808080;#FFFFFF;0;150.41;7899891308493;23.0
2;1091529401;GEL DE BANHO MURU MURU & PATAUA 35 G (CX C/ 120 UND);1;1;2;23.0;2023-08-21;0;#808080;#FFFFFF;0;131.26;7899891312018;23.0
2;1091529403;SABONETE EM BARRA MURU MURU & PATAUA 30 G (CX C/ 180 UND);1;1;2;23.0;2023-08-21;0;#808080;#FFFFFF;0;218.13;7899891312032;23.0
2;1091550180;SABONETE LIQUIDO ESFOLIANTE COPAIBA & ANDIROBA 180 ML;1;1;2;23.0;2023-08-21;0;#808080;#FFFFFF;0;7.56;7899891302163;23.0
2;1091600030;SABONETE EM BARRA BONISSIMO BLACK 30 G;1;1;2;23.0;2023-08-21;0;#808080;#FFFFFF;0;0.00;7899891303719;23.0
2;1091609195;SABONETE EM BARRA BONISSIMO BLACK (CX. C/ 3 UND.);1;1;2;23.0;2023-08-21;0;#808080;#FFFFFF;0;10.81;7899891301425;23.0
2;1091620250;SABONETE LIQUIDO FOLHAS DE PIMENTA 250 ML - SABOR & AR;1;1;2;23.0;2023-08-21;0;#808080;#FFFFFF;0;10.08;7899891305782;23.0
2;1091640250;SABONETE LIQUIDO FIGO E PISTACHE 250 ML - SABOR & AR;1;1;2;23.0;2023-08-21;0;#808080;#FFFFFF;0;10.08;7899891305751;23.0
2;1091660100;CALDA ESFOLIANTE 100 ML - MEL TERAPIA;1;1;2;23.0;2023-08-21;0;#808080;#FFFFFF;0;19.92;7899891302521;23.0
2;1091680250;SABONETE LIQUIDO GENGIBRE E ROMA 250 ML - SABOR & AR;1;1;2;23.0;2023-08-21;0;#808080;#FFFFFF;0;10.08;7899891305720;23.0
2;1091780100;SABONETE EM BARRA SELETO OCEAN 2 EM 1 - 100 G (CX COM 2 UND);1;1;2;23.0;2023-08-21;0;#808080;#FFFFFF;0;8.62;7899891307717;23.0
2;1091780200;SHOWER GEL SELETO OCEAN - CABELO & CORPO 200 G;1;1;2;23.0;2023-08-21;0;#808080;#FFFFFF;0;7.80;7899891307700;23.0
2;1091810210;GEL DE BANHO ACUCENA 210 G;1;1;2;23.0;2023-08-21;0;#808080;#FFFFFF;0;9.35;7899891306338;23.0
2;1100029077;SACHE MINI ALMOFADA CASCAS & FOLHAS (CX C/ 6 UNID.);1;1;2;23.0;2023-08-21;0;#808080;#FFFFFF;0;17.89;7898464624855;23.0
2;1100239077;SACHE MINI ALMOFADA PITANGA (CX C/ 6 UNID.);1;1;2;23.0;2023-08-21;0;#808080;#FFFFFF;0;17.89;7899891307762;23.0
2;1100499077;SACHE MINI ALMOFADA FLOR DE ALGODAO (CX C/ 6 UNID.);1;1;2;23.0;2023-08-21;0;#808080;#FFFFFF;0;17.89;7899891301685;23.0
2;1100589077;SACHE MINI ALMOFADA AMBAR (CX C/ 6 UNID.);1;1;2;23.0;2023-08-21;0;#808080;#FFFFFF;0;17.89;7898464624848;23.0
2;1100649077;SACHE MINI ALMOFADA PROVENCE (CX C/ 6 UNID.);1;1;2;23.0;2023-08-21;0;#808080;#FFFFFF;0;17.89;7898464624879;23.0
2;1110190700;SAL MARINHO TERRA MADRE 700 G;1;1;2;23.0;2023-08-21;0;#808080;#FFFFFF;0;27.72;7898464623049;23.0
2;1110620190;SAIS DE BANHO E ESPUMA MURU MURU 190 G - RITOS;1;1;2;23.0;2023-08-21;0;#808080;#FFFFFF;0;18.54;7899891302774;23.0
2;1110740190;SAIS DE BANHO E ESPUMA YLANG YLANG 190 G - RITOS;1;1;2;23.0;2023-08-21;0;#808080;#FFFFFF;0;18.54;7899891302767;23.0
2;1111330190;SAIS DE BANHO E ESPUMA ZIMBRO 190 G - RITOS;1;1;2;23.0;2023-08-21;0;#808080;#FFFFFF;0;18.54;7899891302798;23.0
2;1111340190;SAIS DE BANHO E ESPUMA LEMONGRASS 190 G - RITOS;1;1;2;23.0;2023-08-21;0;#808080;#FFFFFF;0;18.54;7899891302781;23.0
2;1120620160;VELA AROMATICA E MASSAGEM MURU MURU 160 G - RITOS;1;1;2;23.0;2023-08-21;0;#808080;#FFFFFF;0;27.64;7899891302828;23.0
2;1120629079;INCENSO MURU MURU (CX. 12 UNID.) - RITOS;1;1;2;23.0;2023-08-21;0;#808080;#FFFFFF;0;8.13;7898596391311;23.0
2;1120740160;VELA AROMATICA E MASSAGEM YLANG YLANG 160 G - RITOS;1;1;2;23.0;2023-08-21;0;#808080;#FFFFFF;0;27.64;7899891302811;23.0
2;1120749079;INCENSO YLANG YLANG (CX. 12 UNID.) - RITOS;1;1;2;23.0;2023-08-21;0;#808080;#FFFFFF;0;8.13;7898596390680;23.0
2;1121290050;VELA AROMATICA AVADORE 50 G;1;1;2;23.0;2023-08-21;0;#808080;#FFFFFF;0;13.01;7898464625920;23.0
2;1121330160;VELA AROMATICA E MASSAGEM ZIMBRO 160 G - RITOS;1;1;2;23.0;2023-08-21;0;#808080;#FFFFFF;0;27.64;7898602570617;23.0
2;1121339079;INCENSO ZIMBRO (CX. 12 UNID.) - RITOS;1;1;2;23.0;2023-08-21;0;#808080;#FFFFFF;0;8.13;7898953040586;23.0
2;1121340160;VELA AROMATICA E MASSAGEM LEMONGRASS 160 G - RITOS;1;1;2;23.0;2023-08-21;0;#808080;#FFFFFF;0;27.64;7899891302835;23.0
2;1121349079;INCENSO LEMONGRASS (CX. 12 UNID.) - RITOS;1;1;2;23.0;2023-08-21;0;#808080;#FFFFFF;0;8.13;7898596391496;23.0
2;1121950200;VELA AROMATICA AMBAR. MANDARINA & BAUNILHA 200 G;1;1;2;23.0;2023-08-21;0;#808080;#FFFFFF;0;21.30;7899891308295;23.0
2;1121950500;VELA AROMATICA AMBAR. MANDARINA & BAUNILHA 500 G;1;1;2;23.0;2023-08-21;0;#808080;#FFFFFF;0;40.24;7899891308288;23.0
2;1121960200;VELA AROMATICA SANDALO. VETIVER & CARDAMOMO 200 G;1;1;2;23.0;2023-08-21;0;#808080;#FFFFFF;0;21.30;7899891308318;23.0
2;1121960500;VELA AROMATICA SANDALO. VETIVER & CARDAMOMO 500 G;1;1;2;23.0;2023-08-21;0;#808080;#FFFFFF;0;40.24;7899891308301;23.0
2;1131100200;SHAMPOO VERBENA & BAMBU 200 ML;1;1;2;23.0;2023-08-21;0;#808080;#FFFFFF;0;5.20;7899891307816;23.0
2;1131100201;CONDICIONADOR VERBENA & BAMBU 200 ML;1;1;2;23.0;2023-08-21;0;#808080;#FFFFFF;0;5.53;7899891307823;23.0
2;1131109360;CONDICIONADOR VERBENA & BAMBU 35 ML (CX C/ 120 UND);1;1;2;23.0;2023-08-21;0;#808080;#FFFFFF;0;116.97;7899891306475;23.0
2;1131109362;XAMPU VERBENA & BAMBU 35 ML (CX C/ 120 UND);1;1;2;23.0;2023-08-21;0;#808080;#FFFFFF;0;129.19;7899891306499;23.0
2;1131109396;XAMPU VERBENA & BAMBU 400 ML (CX C/ 20 UND);1;1;2;23.0;2023-08-21;0;#808080;#FFFFFF;0;152.85;7899891309155;23.0
2;1131109397;CONDICIONADOR VERBENA & BAMBU 400 ML (CX C/ 20 UND);1;1;2;23.0;2023-08-21;0;#808080;#FFFFFF;0;136.59;7899891309162;23.0
2;1131110140;BONISSIMO BEARD - SHAMPOO PARA BARBA 140 ML;1;1;2;23.0;2023-08-21;0;#808080;#FFFFFF;0;6.91;7899891304259;23.0
2;1131490100;SHOWER GEL SELETO 2 EM 1 - 100 G;1;1;2;23.0;2023-08-21;0;#808080;#FFFFFF;0;7.80;7899891311844;23.0
2;1131490200;SHOWER GEL SELETO - CABELO & CORPO 200 G;1;1;2;23.0;2023-08-21;0;#808080;#FFFFFF;0;7.80;7899891306109;23.0
2;1131520300;XAMPU MURU MURU & PATAUA 300 ML;1;1;2;23.0;2023-08-21;0;#808080;#FFFFFF;0;7.48;7899891302606;23.0
2;1131520301;CONDICIONADOR MURU MURU & PATAUA 300 ML;1;1;2;23.0;2023-08-21;0;#808080;#FFFFFF;0;7.97;7899891302613;23.0
2;1131529388;XAMPU MURU MURU & PATAUA 400 ML (CX C/ 20 UND);1;1;2;23.0;2023-08-21;0;#808080;#FFFFFF;0;204.47;7899891308479;23.0
2;1131529389;CONDICIONADOR MURU MURU & PATAUA 400 ML (CX C/ 20 UND);1;1;2;23.0;2023-08-21;0;#808080;#FFFFFF;0;171.95;7899891308486;23.0
2;1131529399;XAMPU MURU MURU & PATAUA 35 ML (CX C/ 120 UND);1;1;2;23.0;2023-08-21;0;#808080;#FFFFFF;0;162.85;7899891311998;23.0
2;1131529400;CONDICIONADOR MURU MURU & PATAUA 35 ML (CX C/ 120 UND);1;1;2;23.0;2023-08-21;0;#808080;#FFFFFF;0;151.29;7899891312001;23.0
2;1131600180;SHAMPOO BONISSIMO BLACK 180 ML;1;1;2;23.0;2023-08-21;0;#808080;#FFFFFF;0;6.99;7899891301418;23.0
2;1141480060;PASTA AGRIDOCE ESFOLIANTE PARA OS PES 60 G;1;1;2;23.0;2023-08-21;0;#808080;#FFFFFF;0;0.00;9000000003385;23.0
2;1141480080;TALCO EM CREME PARA OS PES 80 G - SANTO PE;1;1;2;23.0;2023-08-21;0;#808080;#FFFFFF;0;6.50;7899891300022;23.0
2;1141480100;CREME HIDRATANTE QUERATOLITICO PARA OS PES 100 G - SANTO PE;1;1;2;23.0;2023-08-21;0;#808080;#FFFFFF;0;8.13;7899891300046;23.0
2;1141480130;GEL RELAXANTE PARA OS PES E PERNAS 130 G - SANTO PE;1;1;2;23.0;2023-08-21;0;#808080;#FFFFFF;0;8.94;7899891300060;23.0
2;1141480150;PASTA AGRIDOCE ESFOLIANTE PARA OS PES - SANTO PE;1;1;2;23.0;2023-08-21;0;#808080;#FFFFFF;0;8.13;7899891300039;23.0
2;1141480160;DESODORANTE PARA OS PES - SANTO PE;1;1;2;23.0;2023-08-21;0;#808080;#FFFFFF;0;8.86;7899891300015;23.0
2;1141489197;PEDILUVIO BANHO RELAXANTE PARA OS PES 150 G - SANTO PE;1;1;2;23.0;2023-08-21;0;#808080;#FFFFFF;0;8.13;7899891300053;23.0
2;1161490150;DESODORANTE AEROSOL ANTITRANSPIRANTE SELETO 150 ML;1;1;2;23.0;2023-08-21;0;#808080;#FFFFFF;0;9.76;7899891306116;23.0
2;1161600150;DESODORANTE AEROSOL ANTITRANSPIRANTE BONISSIMO BLACK 150 ML;1;1;2;23.0;2023-08-21;0;#808080;#FFFFFF;0;9.76;7899891301401;23.0
2;1161780150;DESODORANTE AEROSOL ANTITRANSPIRANTE SELETO OCEAN 150 ML;1;1;2;23.0;2023-08-21;0;#808080;#FFFFFF;0;9.76;7899891307724;23.0
2;2040009131;FLORES DISPERSORAS CONDESSA;1;1;2;23.0;2023-08-21;0;#808080;#FFFFFF;0;19.59;7898464625692;23.0
2;2040020210;ESSENCIA PARA DIFUSOR CASCAS & FOLHAS 210 ML;1;1;2;23.0;2023-08-21;0;#808080;#FFFFFF;0;18.70;7898464629089;23.0
2;2040190210;ESSENCIA PARA DIFUSOR TERRA MADRE 210 ML;1;1;2;23.0;2023-08-21;0;#808080;#FFFFFF;0;18.70;7898464629058;23.0
2;2040230210;ESSENCIA PARA DIFUSOR PITANGA 210 ML;1;1;2;23.0;2023-08-21;0;#808080;#FFFFFF;0;18.70;7898464629225;23.0
2;2040490210;ESSENCIA PARA DIFUSOR FLOR DE ALGODAO 210 ML;1;1;2;23.0;2023-08-21;0;#808080;#FFFFFF;0;18.70;7898464629065;23.0
2;2040550210;ESSENCIA PARA DIFUSOR ALECRIM 210 ML;1;1;2;23.0;2023-08-21;0;#808080;#FFFFFF;0;18.70;7898464629430;23.0
2;2040580210;ESSENCIA PARA DIFUSOR AMBAR 210 ML;1;1;2;23.0;2023-08-21;0;#808080;#FFFFFF;0;18.70;7898464629423;23.0
2;2040640210;ESSENCIA PARA DIFUSOR PROVENCE 210 ML;1;1;2;23.0;2023-08-21;0;#808080;#FFFFFF;0;18.70;7898464629232;23.0
2;2040800210;ESSENCIA PARA DIFUSOR ALECRIM & CAPIM LIMAO 210 ML;1;1;2;23.0;2023-08-21;0;#808080;#FFFFFF;0;18.70;7899891303917;23.0
2;2041040210;ESSENCIA PARA DIFUSOR LAVANDA & AMBAR 210 ML;1;1;2;23.0;2023-08-21;0;#808080;#FFFFFF;0;18.70;7899891303931;23.0
2;2041050210;ESSENCIA PARA DIFUSOR AMORA & PITANGA 210 ML;1;1;2;23.0;2023-08-21;0;#808080;#FFFFFF;0;18.70;7899891303924;23.0
2;2041070210;ESSENCIA PARA DIFUSOR BAMBU 210ML;1;1;2;23.0;2023-08-21;0;#808080;#FFFFFF;0;18.70;7898464628372;23.0
2;2041070211;ESSENCIA PARA DIFUSOR BAMBU 210 ML;1;1;2;23.0;2023-08-21;0;#808080;#FFFFFF;0;18.70;7899891308882;23.0
2;2041080210;ESSENCIA PARA DIFUSOR BUQUE DE PEONIAS 210 ML;1;1;2;23.0;2023-08-21;0;#808080;#FFFFFF;0;18.70;7898464629010;23.0
2;2041290210;ESSENCIA PARA DIFUSOR AVADORE 210 ML;1;1;2;23.0;2023-08-21;0;#808080;#FFFFFF;0;23.00;7898464629041;23.0
2;2041420210;ESSENCIA PARA DIFUSOR CONDESSA 210 ML;1;1;2;23.0;2023-08-21;0;#808080;#FFFFFF;0;18.70;7898464625685;23.0
2;2070190350;REFIL HIDRATANTE CORPORAL TERRA MADRE 350 ML;1;1;2;23.0;2023-08-21;0;#808080;#FFFFFF;0;6.34;7898464624671;23.0
2;2071030500;REFIL ACUCAR EM OLEO CUPUACU & CASTANHA 500 ML;1;1;2;23.0;2023-08-21;0;#808080;#FFFFFF;0;16.26;7899891307465;23.0
2;2071080350;REFIL HIDRATANTE CORPORAL BUQUE DE PEONIAS 350 ML;1;1;2;23.0;2023-08-21;0;#808080;#FFFFFF;0;6.34;7898464624664;23.0
2;2071550500;REFIL ACUCAR EM OLEO COPAIBA & ANDIROBA 500 ML;1;1;2;23.0;2023-08-21;0;#808080;#FFFFFF;0;16.26;7899891307472;23.0
2;2071660100;HIDRATANTE FACIAL 100 G - BISNAGA - MEL TERAPIA;1;1;2;23.0;2023-08-21;0;#808080;#FFFFFF;0;11.38;7899891307786;23.0
2;2071669271;MOUSSE DE LIMPEZA 100 G - BISNAGA - MEL TERAPIA;1;1;2;23.0;2023-08-21;0;#808080;#FFFFFF;0;10.57;7899891307793;23.0
2;2090020500;REFIL SABONETE LIQUIDO CASCAS & FOLHAS 500 ML;1;1;2;23.0;2023-08-21;0;#808080;#FFFFFF;0;11.79;7898464629591;23.0
2;2090110500;REFIL SABONETE LIQUIDO CURUMIM 500ML;1;1;2;23.0;2023-08-21;0;#808080;#FFFFFF;0;11.79;7898464629553;23.0
2;2090190500;REFIL SABONETE LIQUIDO TERRA MADRE 500ML;1;1;2;23.0;2023-08-21;0;#808080;#FFFFFF;0;11.79;7898464627450;23.0
2;2090230500;REFIL SABONETE LIQUIDO PITANGA 500ML;1;1;2;23.0;2023-08-21;0;#808080;#FFFFFF;0;11.79;7898464629621;23.0
2;2090250500;REFIL SABONETE LIQUIDO MARRUA 500ML;1;1;2;23.0;2023-08-21;0;#808080;#FFFFFF;0;11.79;7898464629508;23.0
2;2090490500;REFIL SABONETE LIQUIDO FLOR DE ALGODAO 500ML;1;1;2;23.0;2023-08-21;0;#808080;#FFFFFF;0;11.79;7898464629515;23.0
2;2090550500;REFIL SABONETE LIQUIDO ALECRIM 500ML;1;1;2;23.0;2023-08-21;0;#808080;#FFFFFF;0;11.79;7898464629737;23.0
2;2090580500;REFIL SABONETE LIQUIDO AMBAR 500ML;1;1;2;23.0;2023-08-21;0;#808080;#FFFFFF;0;11.79;7898464629676;23.0
2;2090640500;REFIL SABONETE LIQUIDO PROVENCE 500ML;1;1;2;23.0;2023-08-21;0;#808080;#FFFFFF;0;11.79;7898464629638;23.0
2;2091070500;REFIL SABONETE LIQUIDO BAMBU 500 ML;1;1;2;23.0;2023-08-21;0;#808080;#FFFFFF;0;11.79;7899891308899;23.0
2;2091080500;REFIL SABONETE LIQUIDO BUQUE DE PEONIAS 500 ML;1;1;2;23.0;2023-08-21;0;#808080;#FFFFFF;0;11.79;7898464627399;23.0
2;2091109415;REFIL GEL DE BANHO VERBENA & BAMBU 1000 G (CX C/ 10 UND);1;1;2;23.0;2023-08-21;0;#808080;#FFFFFF;0;120.33;7899891309209;23.0
2;2091529401;REFIL GEL DE BANHO MURU MURU & PATAUA 1000 G (CX C/ 10 UND);1;1;2;23.0;2023-08-21;0;#808080;#FFFFFF;0;117.07;7899891308578;23.0
2;2091660100;CALDA ESFOLIANTE 100 ML - BISNAGA - MEL TERAPIA;1;1;2;23.0;2023-08-21;0;#808080;#FFFFFF;0;10.16;7899891307809;23.0
2;2110620190;REFIL SAIS DE BANHO E ESPUMA MURU MURU 190 G - RITOS;1;1;2;23.0;2023-08-21;0;#808080;#FFFFFF;0;5.53;7899891302903;23.0
2;2110740190;REFIL SAIS DE BANHO E ESPUMA YLANG YLANG 190 G - RITOS;1;1;2;23.0;2023-08-21;0;#808080;#FFFFFF;0;5.53;7899891302897;23.0
2;2111330190;REFIL SAIS DE BANHO E ESPUMA ZIMBRO 190 G - RITOS;1;1;2;23.0;2023-08-21;0;#808080;#FFFFFF;0;5.53;7899891302927;23.0
2;2111340190;REFIL SAIS DE BANHO E ESPUMA LEMONGRASS 190 G - RITOS;1;1;2;23.0;2023-08-21;0;#808080;#FFFFFF;0;5.53;7899891302910;23.0
2;2131109413;REFIL XAMPU VERBENA & BAMBU 1000 ML (CX C/ 10 UND);1;1;2;23.0;2023-08-21;0;#808080;#FFFFFF;0;139.59;7899891309186;23.0
2;2131109414;REFIL CONDICIONADOR VERBENA & BAMBU 1000 ML (CX C/ 10 UND);1;1;2;23.0;2023-08-21;0;#808080;#FFFFFF;0;152.03;7899891309193;23.0
2;2131529399;REFIL XAMPU MURU MURU & PATAUA 1000 ML (CX C/ 10 UND);1;1;2;23.0;2023-08-21;0;#808080;#FFFFFF;0;162.60;7899891308554;23.0
2;2131529400;REFIL CONDICIONADOR MURU MURU & PATAUA 1000 ML (CX C/ 10 UND;1;1;2;23.0;2023-08-21;0;#808080;#FFFFFF;0;145.53;7899891308561;23.0
